d01e98,127.0.0.1,GET,http://127.0.0.1:8000/profile/,1588094999,,200
9a837e,127.0.0.1,GET,http://127.0.0.1:8000/profile/images/cart-preview/1.jpg,1588095000,8229a8,200
8229a8,127.0.0.1,GET,http://127.0.0.1:8000/profile/images/cart-preview/1.jpg,1588095000,,404
cec3b0,127.0.0.1,GET,http://127.0.0.1:8000/profile/images/cart-preview/2.jpg,1588095001,5b0189,200
5b0189,127.0.0.1,GET,http://127.0.0.1:8000/profile/images/cart-preview/2.jpg,1588095001,,404
cf05a7,127.0.0.1,GET,http://127.0.0.1:8000/profile/images/cart-preview/3.jpg,1588095001,ea9a59,200
ea9a59,127.0.0.1,GET,http://127.0.0.1:8000/profile/images/cart-preview/3.jpg,1588095001,,404
c9e891,127.0.0.1,GET,http://127.0.0.1:8000/meteo-widget.component.js,1588095001,570d9a,200
570d9a,127.0.0.1,GET,http://127.0.0.1:8000/meteo-widget.component.js,1588095001,,404
7f3054,127.0.0.1,GET,http://127.0.0.1:8000/profile/images/offer/sidebar.jpg,1588095002,e23af4,200
e23af4,127.0.0.1,GET,http://127.0.0.1:8000/profile/images/offer/sidebar.jpg,1588095002,,404
cb0f9f,127.0.0.1,GET,http://127.0.0.1:8000/profile/images/blog/sidebar/1.jpg,1588095002,ae2a64,200
ae2a64,127.0.0.1,GET,http://127.0.0.1:8000/profile/images/blog/sidebar/1.jpg,1588095002,,404
963ceb,127.0.0.1,GET,http://127.0.0.1:8000/profile/images/blog/sidebar/2.jpg,1588095003,d117b8,200
d117b8,127.0.0.1,GET,http://127.0.0.1:8000/profile/images/blog/sidebar/2.jpg,1588095003,,404
ada97b,127.0.0.1,GET,http://127.0.0.1:8000/profile/images/blog/sidebar/3.jpg,1588095004,7c3413,200
7c3413,127.0.0.1,GET,http://127.0.0.1:8000/profile/images/blog/sidebar/3.jpg,1588095004,,404
c91a0a,127.0.0.1,GET,http://127.0.0.1:8000/profile/images/shoe/sidebar/1.jpg,1588095005,87d297,200
87d297,127.0.0.1,GET,http://127.0.0.1:8000/profile/images/shoe/sidebar/1.jpg,1588095005,,404
742f3f,127.0.0.1,GET,http://127.0.0.1:8000/profile/images/shoe/sidebar/2.jpg,1588095005,91582c,200
91582c,127.0.0.1,GET,http://127.0.0.1:8000/profile/images/shoe/sidebar/2.jpg,1588095005,,404
a21d7d,127.0.0.1,GET,http://127.0.0.1:8000/profile/images/shoe/sidebar/3.jpg,1588095005,117503,200
117503,127.0.0.1,GET,http://127.0.0.1:8000/profile/images/shoe/sidebar/3.jpg,1588095005,,404
20c4f9,127.0.0.1,GET,http://127.0.0.1:8000/profile/images/logo-white.png,1588095006,bb1d33,200
bb1d33,127.0.0.1,GET,http://127.0.0.1:8000/profile/images/logo-white.png,1588095006,,404
1b6752,127.0.0.1,GET,http://127.0.0.1:8000/profile/images/background/parallax.jpg,1588095006,92b74b,200
92b74b,127.0.0.1,GET,http://127.0.0.1:8000/profile/images/background/parallax.jpg,1588095006,,404
840ac4,127.0.0.1,GET,http://127.0.0.1:8000/liste/res/82/delete,1588095010,,200
3fc324,127.0.0.1,GET,http://127.0.0.1:8000/meteo-widget.component.js,1588095010,04579c,200
04579c,127.0.0.1,GET,http://127.0.0.1:8000/meteo-widget.component.js,1588095010,,404
e8250e,127.0.0.1,GET,http://127.0.0.1:8000/liste/res/82/images/cart-preview/1.jpg,1588095011,304653,200
304653,127.0.0.1,GET,http://127.0.0.1:8000/liste/res/82/images/cart-preview/1.jpg,1588095011,,404
2da619,127.0.0.1,GET,http://127.0.0.1:8000/liste/res/82/images/cart-preview/2.jpg,1588095011,ef673a,200
ef673a,127.0.0.1,GET,http://127.0.0.1:8000/liste/res/82/images/cart-preview/2.jpg,1588095011,,404
495493,127.0.0.1,GET,http://127.0.0.1:8000/liste/res/82/images/cart-preview/3.jpg,1588095011,d0f823,200
d0f823,127.0.0.1,GET,http://127.0.0.1:8000/liste/res/82/images/cart-preview/3.jpg,1588095011,,404
0f92e5,127.0.0.1,GET,http://127.0.0.1:8000/liste/res/82/images/offer/sidebar.jpg,1588095012,712172,200
712172,127.0.0.1,GET,http://127.0.0.1:8000/liste/res/82/images/offer/sidebar.jpg,1588095012,,404
5bbafa,127.0.0.1,GET,http://127.0.0.1:8000/liste/res/82/images/blog/sidebar/1.jpg,1588095012,0c2273,200
0c2273,127.0.0.1,GET,http://127.0.0.1:8000/liste/res/82/images/blog/sidebar/1.jpg,1588095012,,404
20814d,127.0.0.1,GET,http://127.0.0.1:8000/liste/res/82/images/blog/sidebar/2.jpg,1588095013,f0b593,200
f0b593,127.0.0.1,GET,http://127.0.0.1:8000/liste/res/82/images/blog/sidebar/2.jpg,1588095013,,404
fdd97b,127.0.0.1,GET,http://127.0.0.1:8000/liste/res/82/images/blog/sidebar/3.jpg,1588095013,d21771,200
d21771,127.0.0.1,GET,http://127.0.0.1:8000/liste/res/82/images/blog/sidebar/3.jpg,1588095013,,404
0c6b59,127.0.0.1,GET,http://127.0.0.1:8000/liste/res/82/images/shoe/sidebar/1.jpg,1588095013,99eaf6,200
99eaf6,127.0.0.1,GET,http://127.0.0.1:8000/liste/res/82/images/shoe/sidebar/1.jpg,1588095013,,404
80fded,127.0.0.1,GET,http://127.0.0.1:8000/liste/res/82/images/shoe/sidebar/2.jpg,1588095014,4aa6cf,200
4aa6cf,127.0.0.1,GET,http://127.0.0.1:8000/liste/res/82/images/shoe/sidebar/2.jpg,1588095014,,404
be9a85,127.0.0.1,GET,http://127.0.0.1:8000/liste/res/82/images/shoe/sidebar/3.jpg,1588095014,415d68,200
415d68,127.0.0.1,GET,http://127.0.0.1:8000/liste/res/82/images/shoe/sidebar/3.jpg,1588095014,,404
82a9fa,127.0.0.1,GET,http://127.0.0.1:8000/liste/res/82/images/logo-white.png,1588095015,041458,200
041458,127.0.0.1,GET,http://127.0.0.1:8000/liste/res/82/images/logo-white.png,1588095015,,404
f49ebf,127.0.0.1,GET,http://127.0.0.1:8000/meteo-widget.component.js,1588095015,352f26,200
352f26,127.0.0.1,GET,http://127.0.0.1:8000/meteo-widget.component.js,1588095015,,404
b43b0f,127.0.0.1,GET,http://127.0.0.1:8000/liste/res/29,1588095016,,200
385a4c,127.0.0.1,GET,http://127.0.0.1:8000/liste/res/82/images/background/parallax.jpg,1588095016,c7dcde,200
c7dcde,127.0.0.1,GET,http://127.0.0.1:8000/liste/res/82/images/background/parallax.jpg,1588095016,,404
ba4e97,127.0.0.1,GET,http://127.0.0.1:8000/liste/res/82/favicon.png,1588095017,a8867a,200
a8867a,127.0.0.1,GET,http://127.0.0.1:8000/liste/res/82/favicon.png,1588095017,,404
beff46,127.0.0.1,GET,http://127.0.0.1:8000/meteo-widget.component.js,1588095017,1e5cc4,200
1e5cc4,127.0.0.1,GET,http://127.0.0.1:8000/meteo-widget.component.js,1588095017,,404
0297ca,127.0.0.1,GET,http://127.0.0.1:8000/liste/res/images/cart-preview/2.jpg,1588095017,f26c6d,200
f26c6d,127.0.0.1,GET,http://127.0.0.1:8000/liste/res/images/cart-preview/2.jpg,1588095018,,404
fe2d1f,127.0.0.1,GET,http://127.0.0.1:8000/liste/res/images/cart-preview/1.jpg,1588095018,dd50ee,200
dd50ee,127.0.0.1,GET,http://127.0.0.1:8000/liste/res/images/cart-preview/1.jpg,1588095018,,404
db8421,127.0.0.1,GET,http://127.0.0.1:8000/liste/res/images/blog/11.png,1588095018,309336,200
309336,127.0.0.1,GET,http://127.0.0.1:8000/liste/res/images/blog/11.png,1588095019,,404
05d1fc,127.0.0.1,GET,http://127.0.0.1:8000/liste/res/images/cart-preview/3.jpg,1588095019,517230,200
517230,127.0.0.1,GET,http://127.0.0.1:8000/liste/res/images/cart-preview/3.jpg,1588095019,,404
b89be3,127.0.0.1,GET,http://127.0.0.1:8000/meteo-widget.component.js,1588095019,c4bf68,200
c4bf68,127.0.0.1,GET,http://127.0.0.1:8000/meteo-widget.component.js,1588095019,,404
785cb8,127.0.0.1,GET,http://127.0.0.1:8000/liste/res/images/offer/sidebar.jpg,1588095020,01feee,200
01feee,127.0.0.1,GET,http://127.0.0.1:8000/liste/res/images/offer/sidebar.jpg,1588095020,,404
d84a27,127.0.0.1,GET,http://127.0.0.1:8000/liste/res/images/blog/sidebar/1.jpg,1588095020,1f1778,200
1f1778,127.0.0.1,GET,http://127.0.0.1:8000/liste/res/images/blog/sidebar/1.jpg,1588095020,,404
c86768,127.0.0.1,GET,http://127.0.0.1:8000/liste/res/images/blog/sidebar/2.jpg,1588095020,2377db,200
2377db,127.0.0.1,GET,http://127.0.0.1:8000/liste/res/images/blog/sidebar/2.jpg,1588095021,,404
68a3bc,127.0.0.1,GET,http://127.0.0.1:8000/liste/res/images/blog/sidebar/3.jpg,1588095021,681522,200
681522,127.0.0.1,GET,http://127.0.0.1:8000/liste/res/images/blog/sidebar/3.jpg,1588095021,,404
d3325c,127.0.0.1,GET,http://127.0.0.1:8000/liste/res/images/shoe/sidebar/1.jpg,1588095021,4a1fcd,200
4a1fcd,127.0.0.1,GET,http://127.0.0.1:8000/liste/res/images/shoe/sidebar/1.jpg,1588095021,,404
926c89,127.0.0.1,GET,http://127.0.0.1:8000/liste/res/images/shoe/sidebar/2.jpg,1588095022,1a5bbd,200
1a5bbd,127.0.0.1,GET,http://127.0.0.1:8000/liste/res/images/shoe/sidebar/2.jpg,1588095022,,404
94af48,127.0.0.1,GET,http://127.0.0.1:8000/liste/res/images/shoe/sidebar/3.jpg,1588095022,2945e5,200
2945e5,127.0.0.1,GET,http://127.0.0.1:8000/liste/res/images/shoe/sidebar/3.jpg,1588095022,,404
613c49,127.0.0.1,GET,http://127.0.0.1:8000/liste/res/images/logo-white.png,1588095023,86b836,200
86b836,127.0.0.1,GET,http://127.0.0.1:8000/liste/res/images/logo-white.png,1588095023,,404
8ed893,127.0.0.1,GET,http://127.0.0.1:8000/liste/res/images/background/parallax.jpg,1588095023,9a9612,200
9a9612,127.0.0.1,GET,http://127.0.0.1:8000/liste/res/images/background/parallax.jpg,1588095023,,404
